0	<|endoftext|>
1	!
2	"
3	#
4	$
5	%
6	&
7	'
8	(
9	)
10	*
11	+
12	,
13	-
14	.
15	/
16	0
17	1
18	2
19	3
20	4
21	5
22	6
23	7
24	8
25	9
26	:
27	;
28	<
29	=
30	>
31	?
32	@
33	A
34	B
35	C
36	D
37	E
38	F
39	G
40	H
41	I
42	J
43	K
44	L
45	M
46	N
47	O
48	P
49	Q
50	R
51	S
52	T
53	U
54	V
55	W
56	X
57	Y
58	Z
59	[
60	\
61	]
62	^
63	_
64	`
65	a
66	b
67	c
68	d
69	e
70	f
71	g
72	h
73	i
74	j
75	k
76	l
77	m
78	n
79	o
80	p
81	q
82	r
83	s
84	t
85	u
86	v
87	w
88	x
89	y
90	z
91	{
92	|
93	}
94	~
95	¡
96	¢
97	£
98	¤
99	¥
100	¦
101	§
102	¨
103	©
104	ª
105	«
106	¬
107	®
108	¯
109	°
110	±
111	²
112	³
113	´
114	µ
115	¶
116	·
117	¸
118	¹
119	º
120	»
121	¼
122	½
123	¾
124	¿
125	À
126	Á
127	Â
128	Ã
129	Ä
130	Å
131	Æ
132	Ç
133	È
134	É
135	Ê
136	Ë
137	Ì
138	Í
139	Î
140	Ï
141	Ð
142	Ñ
143	Ò
144	Ó
145	Ô
146	Õ
147	Ö
148	×
149	Ø
150	Ù
151	Ú
152	Û
153	Ü
154	Ý
155	Þ
156	ß
157	à
158	á
159	â
160	ã
161	ä
162	å
163	æ
164	ç
165	è
166	é
167	ê
168	ë
169	ì
170	í
171	î
172	ï
173	ð
174	ñ
175	ò
176	ó
177	ô
178	õ
179	ö
180	÷
181	ø
182	ù
183	ú
184	û
185	ü
186	ý
187	þ
188	ÿ
189	Ā
190	ā
191	Ă
192	ă
193	Ą
194	ą
195	Ć
196	ć
197	Ĉ
198	ĉ
199	Ċ
200	ċ
201	Č
202	č
203	Ď
204	ď
205	Đ
206	đ
207	Ē
208	ē
209	Ĕ
210	ĕ
211	Ė
212	ė
213	Ę
214	ę
215	Ě
216	ě
217	Ĝ
218	ĝ
219	Ğ
220	ğ
221	Ġ
222	ġ
223	Ģ
224	ģ
225	Ĥ
226	ĥ
227	Ħ
228	ħ
229	Ĩ
230	ĩ
231	Ī
232	ī
233	Ĭ
234	ĭ
235	Į
236	į
237	İ
238	ı
239	Ĳ
240	ĳ
241	Ĵ
242	ĵ
243	Ķ
244	ķ
245	ĸ
246	Ĺ
247	ĺ
248	Ļ
249	ļ
250	Ľ
251	ľ
252	Ŀ
253	ŀ
254	Ł
255	ł
256	Ń
257	Ġt
258	he
259	Ġa
260	Ġs
261	Ġw
262	Ġthe
263	nd
264	ed
265	Ġb
266	Ġto
267	Ġand
268	Ġh
269	Ġf
270	ĠT
271	in
272	Ġwa
273	re
274	it
275	ou
276	Ġl
277	Ġd
278	Ġc
279	Ġp
280	ay
281	Ġm
282	er
283	Ġwas
284	ĠThe
285	om
286	Ġhe
287	is
288	Ġn
289	im
290	ar
291	on
292	Ġsa
293	ll
294	id
295	Ġha
296	Ġg
297	at
298	ĠS
299	ing
300	ot
301	en
302	an
303	le
304	or
305	ir
306	am
307	et
308	ĠH
309	Ġit
310	Ġth
311	ig
312	ĠThey
313	Ġpl
314	Ġin
315	il
316	ĠHe
317	Ġ"
318	ow
319	ver
320	ri
321	Ġu
322	ut
323	Ġplay
324	ith
325	Ġsaid
326	Ġbe
327	Ġday
328	Ġwith
329	pp
330	On
331	Ġo
332	Ġy
333	oo
334	ked
335	Ġr
336	Ġher
337	ce
338	ld
339	Ġhis
340	ĠTim
341	ĠI
342	ĠShe
343	Ġst
344	ke
345	Ġe
346	Ġbig
347	nt
348	ck
349	very
350	Ġyou
351	st
352	ve
353	end
354	un
355	Ġhapp
356	Ġon
357	all
358	riend
359	Ġfriend
360	Ġthey
361	ĠL
362	ily
363	Ġwe
364	Ġhad
365	Ġup
366	Ġli
367	Ġnot
368	her
369	Ġwant
370	itt
371	Ġof
372	ad
373	Ġdo
374	ĠB
375	se
376	Ġhappy
377	ent
378	Ġvery
379	ĠM
380	es
381	Ġsaw
382	One
383	Ġthat
384	ould
385	's
386	Ġfor
387	ittle
388	Ġmom
389	Ġlittle
390	Ġso
391	Ġsh
392	Ġshe
393	ime
394	ch
395	Ġnam
396	Ġtime
397	Ġk
398	Ġne
399	ound
400	."
401	Ġthere
402	Ġnamed
403	Ġbo
404	Ġsm
405	Ġwere
406	Ġwanted
407	ĠLily
408	Ġfriends
409	out
410	ird
411	Ġbut
412	ved
413	ht
414	!"
415	The
416	ĠTom
417	Ġbird
418	el
419	ake
420	Ġan
421	al
422	Ġtoo
423	ome
424	Ġwent
425	Ġwh
426	ide
427	Once
428	Ġall
429	ĠIt
430	Ġhel
431	ug
432	ue
433	Ġhelp
434	Ġis
435	Ġloo
436	ĠA
437	Ġupon
438	Ġlo
439	ter
440	ry
441	Ġtoy
442	ore
443	Ġfun
444	ind
445	get
446	ill
447	ame
448	Ġas
449	Ġj
450	ra
451	Ġat
452	gether
453	Ġcat
454	Ġdid
455	Ġre
456	ur
457	Ġtogether
458	ack
459	Ġse
460	ly
461	Ġtre
462	ood
463	Ġdog
464	ic
465	Ġcould
466	ted
467	Ġcan
468	Ġball
469	ard
470	Ġgir
471	Ġtheir
472	ark
473	Ġgirl
474	Ġplayed
475	ec
476	my
477	Ġhim
478	Ġgo
479	way
480	Ġro
481	?"
482	hed
483	ain
484	Ġkn
485	Ġle
486	Ġout
487	hen
488	Ġare
489	Ġfr
490	um
491	't
492	Ġthem
493	Ġboy
494	Ġsad
495	ul
496	ax
497	Ġtree
498	other
499	oug
500	Ġman
501	Ġloved
502	Ġhave
503	Ġcl
504	Ġfound
505	Ġlooked
506	Ġsp
507	ĠSue
508	Ġstar
509	Ġsc
510	one
511	Ġback
512	own
513	hing
514	are
515	ĠMax
516	Ġlike
517	Ġbec
518	side
519	ful
520	Ġme
521	op
522	ong
523	Ġpark
524	Ġwould
525	ight
526	Ġliked
527	round
528	ĠOne
529	elt
530	Ġfa
531	Ġcar
532	Ġmake
533	ell
534	ĠBut
535	Ġfelt
536	Ġla
537	ĠW
538	Ġasked
539	ĠSam
540	You
541	ared
542	omet
543	ice
544	Ġcame
545	Ġnew
546	Ġstarted
547	ag
548	Ġsee
549	Ġno
550	ought
551	ouse
552	ĠBen
553	Ġal
554	iled
555	Ġag
556	Ġother
557	Ġgood
558	pot
559	Ġsomet
560	Ġsmall
561	Ġbr
562	ob
563	ss
564	Ġsmiled
565	ade
566	ried
567	ings
568	Ġsay
569	ĠĊ
570	Ġfind
571	Ġwor
572	Ġaway
573	Ġex
574	Ġfrom
575	Ġthought
576	Ġmade
577	ĠSpot
578	Ġwhat
579	Ġhome
580	Ġco
581	Ġplaying
582	ened
583	Ġsomething
584	ty
585	Ġput
586	Ġevery
587	Ġwal
588	ach
589	Ġmu
590	ia
591	uc
592	ook
593	ie
594	ny
595	ĠF
596	Ġagain
597	Ġran
598	Ġdown
599	ile
600	dd
601	arn
602	Ġtoys
603	ave
604	Ġpr
605	king
606	Ġscared
607	Ġsome
608	Ġtook
609	Ġlaug
610	ĠJ
611	Ġhouse
612	Ġfl
613	if
614	ab
615	Ġaround
616	Ġbox
617	Ġsw
618	ure
619	ick
620	Ġlearn
621	ep
622	ret
623	ish
624	oud
625	uck
626	Ġyour
627	Ġlived
628	ĠYou
629	Ġthings
630	Ġsun
631	Ġthen
632	Ġwill
633	ew
634	Ġbl
635	Ġmy
636	as
637	Ġwhen
638	Ġab
639	pped
640	,"
641	us
642	Ġget
643	ank
644	Tim
645	Th
646	Ġch
647	Ġlot
648	ucy
649	oth
650	ap
651	ump
652	ĠMia
653	Ġwho
654	Ġtried
655	ist
656	Ġfe
657	Ġknow
658	Ġgot
659	ited
660	ust
661	Ġmany
662	Ġabout
663	Ġsays
664	Ġint
665	ally
666	nder
667	Ġred
668	Ġknew
669	Ġpret
670	ive
671	Ġdec
672	Lily
673	ise
674	ous
675	Ġany
676	au
677	ĠD
678	ace
679	Ġcare
680	Ġmore
681	Ġpic
682	qu
683	fter
684	Ġbest
685	ause
686	Ġop
687	Ġbecame
688	ĠLucy
689	Ġpo
690	Ġwater
691	ways
692	âĢ
693	fe
694	Ġhug
695	Ġlearned
696	ĠBob
697	Ġexc
698	Ġbecause
699	ite
700	Ġalways
701	Ġlook
702	Ġoutside
703	Ġinto
704	Ġroom
705	Ġboth
706	Ġun
707	ided
708	ĠSo
709	Ġshow
710	Ġlaughed
711	Ġeat
712	Ġdecided
713	ĠAnd
714	Ġgre
715	Ġho
716	urp
717	udd
718	ant
719	Ġpe
720	ers
721	Ġv
722	ĠE
723	ĠMom
724	Ġjump
725	nn
726	Ġlong
727	Ġone
728	Ġke
729	Ġthis
730	Ġnice
731	Ġrun
732	Yes
733	Ġexcited
734	Ġfast
735	They
736	Tom
737	Ġfeel
738	Ġdad
739	Ġtold
740	Ġmo
741	Ġsk
742	Ġinside
743	our
744	Ġam
745	Ġtr
746	Ġsl
747	ull
748	lew
749	Ġsor
750	Ġtake
751	urpr
752	Ġrock
753	iny
754	Ġpretty
755	nna
756	Ġsurpr
757	Ġgave
758	Ġeach
759	Ġgra
760	imal
761	ink
762	Ġanimal
763	Ġmuch
764	Ġhow
765	Wh
766	Ġstr
767	Ġold
768	Ġneed
769	But
770	Ġthan
771	Ġlet
772	ven
773	ara
774	ro
775	ged
776	Ġtow
777	ess
778	Ġunder
779	ĠC
780	Ġsorry
781	Ġor
782	Ġwalked
783	Ġcle
784	and
785	ft
786	Ġta
787	Ġhand
788	ge
789	Ġte
790	ised
791	og
792	Ġfish
793	urn
794	urt
795	Ġkind
796	ff
797	Ġclo
798	ĠHis
799	Ġwat
800	ving
801	Ġhig
802	Ġanimals
803	ase
804	ĠAmy
805	Ġjust
806	Ġus
807	Ġhappened
808	ched
809	Ġfood
810	pl
811	Ġflow
812	Ġsky
813	here
814	Ġsn
815	rom
816	Ġide
817	Ġtry
818	Ġlist
819	ĠWe
820	Ġnear
821	gry
822	Ġdidn
823	Ġidea
824	Ġbet
825	Ġen
826	able
827	ate
828	ine
829	Ġfi
830	Ġflew
831	eci
832	Ġits
833	ream
834	Thank
835	Ġcareful
836	Ġshare
837	Ġcake
838	ex
839	Ġheard
840	Ġbetter
841	Ġtw
842	Ġstor
843	Ġif
844	Ġspeci
845	Ġspecial
846	Ġdan
847	pec
848	ber
849	ion
850	ĠTh
851	Ġbear
852	Ġlots
853	Ġwind
854	lf
855	more
856	Ġanymore
857	udden
858	Ġclean
859	Ġnever
860	Ġfo
861	Ġdon
862	Mom
863	Ġgr
864	Ġbug
865	Ġtal
866	ople
867	Ġcom
868	Ġhard
869	Ġbu
870	Ġend
871	ĠThen
872	Ġby
873	Ġfly
874	uddenly
875	Ġmag
876	ort
877	Ġturn
878	Ġfore
879	Ġover
880	ĠAnna
881	ĠEvery
882	Ġeven
883	rm
884	Ġlove
885	Ġcol
886	Ġsafe
887	Ġpeople
888	Ġafter
889	Ġbad
890	ady
891	Ġhigh
892	Ġfam
893	Ġground
894	ak
895	Ġdoor
896	imb
897	Ġcome
898	bb
899	Ġshiny
900	Ġproud
901	As
902	Ġclimb
903	Ġopened
904	uff
905	Ġhurt
906	Ġpicked
907	Ġblue
908	Ġloud
909	pected
910	Let
911	Ġche
912	Ġgive
913	Ġway
914	Ġsurprised
915	Ġgl
916	'm
917	Ġunex
918	Ġunexpected
919	ild
920	Ġthanked
921	Ġcu
922	Ġbook
923	ummy
924	ĠWhen
925	ĠFrom
926	Ġcall
927	Ġcolor
928	ĠHer
929	Ġfar
930	arden
931	Ġgarden
932	Ġever
933	Ġmagic
934	ĠK
935	Ġpar
936	ough
937	kay
938	Ġim
939	Ġhugged
940	Ġstill
941	Ġplace
942	No
943	Ġunt
944	ool
945	ĠSara
946	Ġoff
947	age
948	Ġma
949	Ġsmile
950	Ġwalk
951	ture
952	ĠP
953	Ġjumped
954	Ġfamily
955	ĠIn
956	Ġuntil
957	iz
958	unny
959	hes
960	Ġpa
961	em
962	Ġshould
963	Ġqu
964	Ġnow
965	ip
966	Ġkid
967	ct
968	Ġstick
969	itty
970	Ġstay
971	Ġstrong
972	Ġforest
973	Ġsto
974	ane
975	Ġdra
976	aut
977	Ġapp
978	uffy
979	dy
980	Ġbro
981	Ġboat
982	Ġgreat
983	Ġsqu
984	Ġbra
985	Ġbeaut
986	Ġtra
987	xt
988	Ġnext
989	Ġhelped
990	Ġjo
991	ĠSally
992	lease
993	Ġhat
994	les
995	Ġhappily
996	Ġpicture
997	Ġstory
998	iful
999	ies
1000	Ġbeautiful
1001	Ġlisten
1002	ning
1003	th
1004	Ġshowed
1005	Ġwhile
1006	Ġcalled
1007	oon
1008	Ġmet
1009	Ġclos
1010	Now
1011	Ġkids
1012	pt
1013	Ġopen
1014	Ġfrog
1015	Ġmor
1016	Ġrem
1017	luffy
1018	Ġtown
1019	Ġsoft
1020	Ġeveryone
1021	Can
1022	It
1023	ger
1024	Ġimp
1025	Ġbeing
1026	He
1027	When
1028	Ġad
1029	Ġstopped
1030	rel
1031	Ġrain
1032	Ġangry
1033	by
1034	Ġyummy
1035	Ġwatch
1036	bit
1037	Ġdoll
1038	Ġca
1039	Ġcouldn
1040	abbit
1041	vent
1042	ary
1043	ĠLet
1044	ree
1045	Ġtruck
1046	Ġde
1047	ished
1048	ĠKitty
1049	Ġmouse
1050	Ġrabbit
1051	be
1052	dded
1053	Ġate
1054	ress
1055	iss
1056	Ġwo
1057	ĠFluffy
1058	Ġlost
1059	Ġwarm
1060	Ġslide
1061	Ġface
1062	Ġbrave
1063	Ġgame
1064	ĠWh
1065	Ġkeep
1066	Ġfell
1067	fore
1068	Ġleave
1069	Ġflowers
1070	Ġtwo
1071	Ġcook
1072	owl
1073	Ġbed
1074	Ġcry
1075	Ġpus
1076	illy
1077	so
1078	ock
1079	Ġsoon
1080	Ġnoise
1081	Ġgreen
1082	Ġalso
1083	ĠR
1084	That
1085	Ġbunny
1086	ear
1087	Ġnodded
1088	Ġwhere
1089	gan
1090	self
1091	Ġfix
1092	Ġsat
1093	Ġhaving
1094	ired
1095	Hi
1096	Ġbefore
1097	Ġyell
1098	âĢĿ
1099	Ġkept
1100	Ġhole
1101	Ġpain
1102	Ġhear
1103	âĢľ
1104	ble
1105	day
1106	Ġstore
1107	What
1108	Ġhands
1109	Ġcatch
1110	Look
1111	Ġuse
1112	irrel
1113	Then
1114	Ġsing
1115	Ġfin
1116	az
1117	irst
1118	Ġused
1119	Ġmommy
1120	Ġthr
1121	Ġexpl
1122	Ġfunny
1123	Ġbirds
1124	Ġsquirrel
1125	Ben
1126	ĠNow
1127	Ġcra
1128	Ġlooking
1129	uch
1130	Ġtired
1131	Ġey
1132	Ġgoing
1133	Ġwait
1134	Ġbre
1135	Ġkit
1136	oy
1137	eet
1138	aybe
1139	leep
1140	Ġmean
1141	ange
1142	thing
1143	ught
1144	Ġour
1145	led
1146	Ġpull
1147	air
1148	Ġdif
1149	Ġfav
1150	Ġsunny
1151	Ġtri
1152	Ġpond
1153	ember
1154	ĠCan
1155	Ġhas
1156	chen
1157	Ġkitchen
1158	Ġwr
1159	Ġparty
1160	Ġice
1161	Ġthink
1162	Ġflo
1163	oh
1164	orn
1165	Ġwork
1166	ting
1167	We
1168	ac
1169	Ġhead
1170	uit
1171	Ġbus
1172	Ġmess
1173	Ġworked
1174	Ġdr
1175	ng
1176	Ġreal
1177	ĠDo
1178	zy
1179	ious
1180	Ġokay
1181	ohn
1182	Ġothers
1183	Ġsound
1184	llow
1185	Ġbeh
1186	Ġmoral
1187	Ġeyes
1188	ath
1189	Ġsand
1190	Ġz
1191	rew
1192	Ġshared
1193	Ġtalk
1194	Ġadvent
1195	Ġremember
1196	ĠâĢľ
1197	Ġfavor
1198	joy
1199	ma
1200	Ġfavorite
1201	Hell
1202	Ġright
1203	Ġask
1204	Hello
1205	Ġcut
1206	Ġcuri
1207	Ġcold
1208	Ġri
1209	Ġhop
1210	Ġcon
1211	Ġimport
1212	Ġhill
1213	Ġmon
1214	lly
1215	Ġdir
1216	imes
1217	Ġenjoy
1218	Ġmaking
1219	Ġfollow
1220	Ġcurious
1221	Ġvo
1222	Ġpie
1223	Ġbright
1224	Ġyard
1225	ĠG
1226	At
1227	Ġflower
1228	ken
1229	Don
1230	Ġsweet
1231	reed
1232	Ġmove
1233	Ġduck
1234	Ġdis
1235	Ġown
1236	Ġrest
1237	Ġdraw
1238	Ġfirst
1239	Ġimportant
1240	Ġtop
1241	ĠJack
1242	Ġsho
1243	Ġcla
1244	Ġbegan
1245	Ġtall
1246	Ġpick
1247	Ġblock
1248	Ġwatched
1249	ount
1250	Ġsleep
1251	Ġbel
1252	Ġlady
1253	After
1254	Ġnight
1255	Ġthing
1256	Wow
1257	ied
1258	Ġrace
1259	ster
1260	Ġtail
1261	Ġhot
1262	fere
1263	Ġhid
1264	Ġhun
1265	Ġdiffere
1266	Ġagreed
1267	Ġfloor
1268	Ġhere
1269	Ġshout
1270	Ġstop
1271	ect
1272	Ġforg
1273	Ġdark
1274	ĠThis
1275	Ġbag
1276	Ġgrass
1277	ign
1278	Ġworry
1279	Ġsong
1280	Ġtable
1281	Ġtast
1282	Ġtell
1283	que
1284	Ġprin
1285	Ġneeded
1286	Ġleaves
1287	aring
1288	Ġvoice
1289	Ġread
1290	Ġyellow
1291	aper
1292	Ġfarm
1293	ĠFin
1294	Ġru
1295	Ġdress
1296	Ġtrees
1297	Ġhair
1298	Ġswing
1299	Why
1300	Ġdifferent
1301	Ġdel
1302	Ġadventure
1303	Ġwalking
1304	Ġsurprise
1305	Ġturned
1306	Ġplease
1307	âĢĻ
1308	ĠMr
1309	Ġhungry
1310	Max
1311	ĠSuddenly
1312	Ġdoes
1313	Ġcars
1314	ĠDad
1315	Ġcolors
1316	oom
1317	Suddenly
1318	Ġlaugh
1319	bo
1320	Sue
1321	Ġcloser
1322	ached
1323	Sam
1324	Ġpretend
1325	co
1326	Ġlion
1327	ient
1328	ered
1329	ila
1330	Ġbroken
1331	Ġwood
1332	Ġcried
1333	Ġprom
1334	Ġwet
1335	bye
1336	Ġpiece
1337	ĠTimmy
1338	Ġfriendly
1339	Ġfull
1340	Ġbehind
1341	Ġtrain
1342	isy
1343	Ġdance
1344	Anna
1345	ppy
1346	Ġtouch
1347	Ġclimbed
1348	Ġanother
1349	Ġdanc
1350	So
1351	af
1352	Ġgone
1353	where
1354	Ġapple
1355	Ġsmell
1356	bbed
1357	Ġste
1358	Ġswim
1359	cked
1360	Ġblocks
1361	ater
1362	Ġfeeling
1363	sh
1364	Ġpaper
1365	ĠThat
1366	She
1367	Ġamaz
1368	ĠAs
1369	Ġant
1370	Ġper
1371	Ġbutter
1372	Ġrunning
1373	ĠJane
1374	Ġreached
1375	Ġhelping
1376	Ġfair
1377	Ġlistened
1378	iced
1379	Ġgoodbye
1380	Ġready
1381	av
1382	Ġonly
1383	Ġhold
1384	Ġlight
1385	Ġac
1386	ray
1387	aby
1388	ike
1389	ĠO
1390	Ġroll
1391	Sara
1392	Ġcream
1393	ĠBobo
1394	Ġdri
1395	Ġrepl
1396	Ġsit
1397	key
1398	Ġpushed
1399	Ġfight
1400	Ġslow
1401	Ġplan
1402	Ġclose
1403	red
1404	ĠAll
1405	Ġless
1406	Ġdone
1407	pe
1408	Ġwag
1409	Ġowl
1410	Ġwall
1411	Ġcool
1412	Ġsees
1413	Ġmust
1414	Ġglad
1415	Ġfruit
1416	Ġwise
1417	Ġtiny
1418	ield
1419	Ġmoment
1420	Ġwonder
1421	Ġtrying
1422	Ġstuck
1423	ather
1424	Ġdream
1425	In
1426	Ġdin
1427	Ġthrough
1428	ash
1429	Ġwished
1430	Ġpen
1431	Ġfire
1432	ames
1433	Ġreach
1434	Ġbar
1435	Ġthank
1436	Ġbaby
1437	Ġbeen
1438	Ġwindow
1439	Ġjoin
1440	Ġexplore
1441	ott
1442	Ġlooks
1443	Ġdoing
1444	ĠEveryone
1445	Ġar
1446	Ġbit
1447	Ġbuy
1448	Ġshouted
1449	Ġair
1450	Mia
1451	Ġhide
1452	Ġbuild
1453	ĠMommy
1454	Ġnest
1455	Ġswam
1456	Ġscary
1457	Ġfall
1458	Ġcoming
1459	Ġcloud
1460	Ġland
1461	Ġbran
1462	Ġwin
1463	Ġblew
1464	oney
1465	Ġseen
1466	andy
1467	Ġperf
1468	ask
1469	Ġchild
1470	Ġdirty
1471	Ġheld
1472	Ġbooks
1473	avy
1474	ph
1475	Ġbigger
1476	Ġleft
1477	Ġquick
1478	Ġreplied
1479	Ġmat
1480	ely
1481	Ġunderst
1482	Ġmight
1483	Ġtreat
1484	ndma
1485	Ġcolorful
1486	Ġgrabbed
1487	Ġpulled
1488	Ġwhy
1489	Ġturns
1490	Okay
1491	Ġdro
1492	Ġbutterf
1493	ized
1494	Ġremembered
1495	Ġfill
1496	icy
1497	Ġname
1498	ucky
1499	Ġchair
1500	Ġcup
1501	Ġbroke
1502	Ġcast
1503	orm
1504	Ġcount
1505	Ġsometimes
1506	aisy
1507	Ġsure
1508	Ġthree
1509	oup
1510	ation
1511	Ġspl
1512	Ġhopped
1513	Ġpink
1514	ton
1515	Ġstayed
1516	Ġsnow
1517	Ġjob
1518	Ġclapped
1519	Oh
1520	up
1521	Ġgames
1522	der
1523	Ġbott
1524	Ġgif
1525	ee
1526	Ġwaited
1527	're
1528	ĠThere
1529	Ġplant
1530	Ġnoticed
1531	Ġgrow
1532	Ġballoon
1533	Ġlesson
1534	ix
1535	Ġanything
1536	Ġpictures
1537	Ġwoods
1538	Ġmout
1539	Ġmouth
1540	ĠAfter
1541	Ġpaint
1542	Ġset
1543	Ġwaved
1544	uddy
1545	ower
1546	Ġenjoyed
1547	room
1548	Ġspot
1549	Ġalone
1550	Ġpot
1551	Ġcont
1552	This
1553	Ġsea
1554	Ġbrother
1555	ds
1556	Ġlikes
1557	art
1558	oun
1559	Her
1560	amp
1561	Ġtight
1562	".
1563	Ġthrew
1564	Ġyear
1565	Ġheavy
1566	Ġwhite
1567	Ġfollowed
1568	Ġgent
1569	Ġquickly
1570	Ġbutterfly
1571	ins
1572	Spot
1573	Ġmiss
1574	Ġcookies
1575	Ġju
1576	ape
1577	Ġdeep
1578	asure
1579	olly
1580	Ġeverywhere
1581	de
1582	Lucy
1583	ze
1584	Ġbee
1585	Ġpat
1586	oe
1587	ĠJohn
1588	aught
1589	ries
1590	Ġmar
1591	Bob
1592	Ġworld
1593	cle
1594	ister
1595	Ġclot
1596	Ġwrong
1597	Ġclothes
1598	Ġcastle
1599	Ġcre
1600	Ġwear
1601	less
1602	lc
1603	Ġpu
1604	ross
1605	Ġmum
1606	Ġbutton
1607	Ġleaf
1608	iet
1609	Ġve
1610	Ġnap
1611	ĠBuddy
1612	ner
1613	Ġmix
1614	Ġkey
1615	Ġquiet
1616	arent
1617	Ġmakes
1618	ang
1619	Ġbrought
1620	Ġround
1621	row
1622	Ġparent
1623	rot
1624	ued
1625	Ġwants
1626	ully
1627	Ġwell
1628	Ġhimself
1629	ĠDaisy
1630	os
1631	Ġwon
1632	Ġride
1633	Ġdelic
1634	Ġfield
1635	man
1636	Ġdanced
1637	Ġarm
1638	Ġbreak
1639	ĠLila
1640	Ġtower
1641	Do
1642	Ġsign
1643	ĠWhat
1644	fully
1645	Ġhit
1646	Ġsnack
1647	Ġdrag
1648	thy
1649	Ġfaster
1650	Ġking
1651	Ġgift
1652	Ġtalked
1653	Ġforgot
1654	Ġwish
1655	Ġbeach
1656	Ġleg
1657	gg
1658	Ġsister
1659	Ġriver
1660	Ġmus
1661	cess
1662	ence
1663	Ġfinished
1664	Ġbranch
1665	Ġdry
1666	Ġcomp
1667	leph
1668	cy
1669	ves
1670	itten
1671	Ġsharing
1672	From
1673	Ġbike
1674	Ġpol
1675	ĠInside
1676	Ġdinner
1677	Ġdragon
1678	Ġfur
1679	ards
1680	Ġra
1681	Ġdanger
1682	Ġrel
1683	Ġem
1684	Ġbor
1685	Ġreally
1686	ipp
1687	Ġvis
1688	Ġunderstand
1689	Ġshin
1690	ĠTo
1691	ance
1692	Ġblack
1693	John
1694	ren
1695	Ġbottle
1696	Ġmonkey
1697	Ġfox
1698	His
1699	eddy
1700	Ġmonster
1701	Ġpig
1702	Ġsmart
1703	ĠAt
1704	Ġpoin
1705	Amy
1706	Ġworried
1707	Ġrocks
1708	Ġcontin
1709	Ġgu
1710	Ġcarefully
1711	Ġbowl
1712	Ġsomeone
1713	imi
1714	ctor
1715	Ġfairy
1716	Ġtoday
1717	Ġatt
1718	ast
1719	Ġfilled
1720	Ġside
1721	Ġpudd
1722	Ġeating
1723	Ġel
1724	Ġwelc
1725	ush
1726	ses
1727	Ġboun
1728	Ġcow
1729	Ġgi
1730	vel
1731	itting
1732	Ġbrown
1733	Ġsnake
1734	ead
1735	Ġwhe
1736	Ġpromised
1737	Ġfan
1738	Ġsilly
1739	Ġpet
1740	Ġhappen
1741	While
1742	Just
1743	Ġeverything
1744	Ġyes
1745	ts
1746	Ġres
1747	ĠMaybe
1748	ĠSoon
1749	Ġparents
1750	Ġsoup
1751	Ġmusic
1752	Ġvisit
1753	Ġmud
1754	Ġletter
1755	Ġfree
1756	ated
1757	Ġelse
1758	Ġpieces
1759	Ġroad
1760	Ġchildren
1761	Ġbite
1762	stead
1763	Ġsang
1764	Ġshop
1765	Ġcontinued
1766	Fin
1767	Ġtalking
1768	Ġkite
1769	Ġperfect
1770	zz
1771	Ġegg
1772	Ġflying
1773	Ġsmiles
1774	ĠBilly
1775	Ġthrow
1776	Ġrealized
1777	Ġmail
1778	Ġear
1779	ĠSarah
1780	ord
1781	Ġwords
1782	ĠEm
1783	.âĢĿ
1784	Ġamazing
1785	cket
1786	Ġjar
1787	Ġlaughing
1788	Ġwagged
1789	Ġque
1790	Ġorange
1791	Ġsec
1792	Ġmoved
1793	Ġsitting
1794	Ġenough
1795	Ġclosed
1796	ĠZ
1797	Ġpass
1798	Ġmother
1799	Ġwithout
1800	Ġshining
1801	gly
1802	Ġsmo
1803	Ġbuck
1804	Ġstand
1805	Ġcrab
1806	Ġsail
1807	Ġrope
1808	Ġdangerous
1809	fort
1810	Ġbath
1811	Ġstrange
1812	Ġbarked
1813	Ġsecret
1814	Ġstu
1815	ĠMimi
1816	Ġdrink
1817	Ġtasty
1818	unch
1819	Ġwelcome
1820	fish
1821	ella
1822	Ġpaw
1823	used
1824	iver
1825	board
1826	Ġcrying
1827	Ġce
1828	Ġheal
1829	Ġwhist
1830	Ġpast
1831	Ġlon
1832	ises
1833	Ġcandy
1834	Ġliving
1835	ĠJoe
1836	Ġ-
1837	Ġhigher
1838	Maybe
1839	ches
1840	Ġlonely
1841	Ġpre
1842	ĠCh
1843	Ġowner
1844	Ġshoes
1845	Ġbelie
1846	Ġsack
1847	Ġfarmer
1848	Please
1849	Ġmorning
1850	Ġtom
1851	arm
1852	ato
1853	chool
1854	ĠJen
1855	gy
1856	Ġswings
1857	Ġdelicious
1858	Ġpurp
1859	Ġschool
1860	ract
1861	isk
1862	llie
1863	Ġscream
1864	Ġteac
1865	ible
1866	Ġpush
1867	Ġfinally
1868	!âĢĿ
1869	Ġph
1870	Ġstone
1871	Ġgrandma
1872	Ġrolled
1873	lder
1874	Mommy
1875	lephant
1876	Ġpuddle
1877	ich
1878	Ġstre
1879	Ġdolls
1880	me
1881	ĠBl
1882	Ġblank
1883	Ġgetting
1884	ire
1885	Ġlake
1886	ama
1887	Ġasks
1888	Ġpurple
1889	lla
1890	asket
1891	Ġmad
1892	Ġshell
1893	Ġtrou
1894	Ġyears
1895	ased
1896	Ġcaught
1897	Ġblanket
1898	Ġcorn
1899	set
1900	Ġtreasure
1901	Ġwore
1902	Ġmoney
1903	Ġruns
1904	ub
1905	Ġbasket
1906	Ġhoped
1907	Ġpile
1908	ons
1909	Ġsame
1910	iskers
1911	eo
1912	Ġsinging
1913	app
1914	Ġherself
1915	ey
1916	Ġwings
1917	Ġpers
1918	Ġapples
1919	cks
1920	Ġben
1921	Ġcute
1922	br
1923	Ġbat
1924	Ġmine
1925	ĠTommy
1926	Ġje
1927	igh
1928	Ġplane
1929	Ġgentle
1930	Ġcray
1931	Ġcarrot
1932	Ġelephant
1933	Ġteacher
1934	Ġcoat
1935	Ġpill
1936	Ġsear
1937	Ġballs
1938	Ġdropped
1939	Ġstart
1940	Ġfit
1941	Ġteddy
1942	Ġdays
1943	Ġcour
1944	irth
1945	irthday
1946	Ġdoctor
1947	Finally
1948	ined
1949	Ġwar
1950	Ġcourse
1951	Ġforever
1952	Ġjoy
1953	Ġwoke
1954	aughty
1955	Ġnaughty
1956	Ġhiding
1957	Ġcard
1958	Ġseed
1959	Ġmin
1960	Ġbring
1961	Ġpromise
1962	ilk
1963	ĠWhiskers
1964	Ġmost
1965	Ġarri
1966	Ġteach
1967	Ġband
1968	Ġcr
1969	Ġspin
1970	Ġcookie
1971	umpy
1972	ol
1973	Ġfence
1974	ator
1975	Ġshap
1976	Ġchee
1977	Ġrob
1978	Ġbush
1979	ĠGra
1980	ĠBlue
1981	Ġlunch
1982	Ġmilk
1983	Ġshr
1984	Ġthinks
1985	Ġbirthday
1986	Ġugly
1987	Ġeas
1988	arp
1989	Ġnose
1990	Ġtouc
1991	ose
1992	ĠThank
1993	Ġjuice
1994	Ġob
1995	Ġvill
1996	Ġbow
1997	Ġgrew
1998	Ġpop
1999	Ġbelong
2000	sw
2001	Ġansw
2002	Ġshapes
2003	fused
2004	ipped
2005	itch
2006	Ġsharp
2007	ĠFred
2008	ail
2009	ass
2010	Ġcreat
2011	Ġyoung
2012	Ġheart
2013	sy
2014	irt
2015	umber
2016	Ġbench
2017	ier
2018	ĠBella
2019	Ġstreet
2020	'll
2021	bow
2022	ĠLeo
2023	Ġseem
2024	Jack
2025	Ġbone
2026	Ġwra
2027	Ġlate
2028	Ġmark
2029	erry
2030	Ġable
2031	ale
2032	ball
2033	sc
2034	eter
2035	Ġbelieve
2036	Ġrocket
2037	Ġzoom
2038	Ġbucket
2039	Ġcoin
2040	Ġbread
2041	Ġpower
2042	Ġpocket
2043	Ġmagical
2044	Ġdirt
2045	Ġrobot
2046	Ġinc
2047	Ġshy
